index,1st file,2nd file,3rd file,4th file,5th file,6th file,7th file,8th file,9th file,10th file,11th file,12th file,13th file,14th file,15th file,16th file,17th file,18th file,19th file,20th file,21th file,22th file,23th file,24th file,25th file,26th file
None,2.2442769464276506,2.2457174433597347,0.7829559390984415,0.2683524512530631,0.07982949624575435,0.029386057445974865,0.012811430810737486,0.00602931755661906,0.005275692623074372,0.0045220563297483475,0.0045220563297483475,0.0045220563297483475,0.0045220563297483475,0.0045220563297483475,0.0045220563297483475,0.0045220563297483475,0.0045220563297483475,0.0045220563297483475,0.0037684086763841366,0.0022610792885137173,0.0007537044574081612,0.0007537044574081612,0.0007537044574081612,0.0007537044574081612,0.0007537044574081612,0.0007537044574081612
l-pilot.lunarc.lu.se,3.2514807502467917,3.2455111988646883,0.0,0.0,0.0,0.0,0.0,0.0,0.0,0.0,0.0,0.0,0.0,0.0,0.0,0.0,0.0,0.0,0.0,0.0,0.0,0.0,0.0,0.0,0.0,0.0
