index,1st file,2nd file,3rd file,4th file,5th file,6th file,7th file,8th file,9th file,10th file,11th file,12th file,13th file,14th file,15th file,16th file,17th file,18th file,19th file,20th file,21th file,22th file
l-pilot.lunarc.lu.se,0.04451920285524001,0.024983350125514437,0.00027322870950665144,0.00011953756040915999,0.0002561519151624857,0.00010246076606499428,0.00020492153212998856,5.123038303249714e-05,0.00020492153212998856,5.123038303249714e-05,0.00015369114909749142,5.123038303249714e-05,5.123038303249714e-05,0.0,5.123038303249714e-05,0.0,5.123038303249714e-05,0.0,5.123038303249714e-05,0.0,5.123038303249714e-05,0.0
None,0.004598839677373709,0.08553841799915099,0.00014150275930380644,0.000636762416867129,0.0,0.000636762416867129,0.0,0.000636762416867129,0.0,0.000636762416867129,0.0,0.0004245082779114193,0.0,0.00021225413895570964,0.0,0.00021225413895570964,0.0,0.00021225413895570964,0.0,0.00021225413895570964,0.0,0.00021225413895570964
