index,1st file,2nd file,3rd file,4th file,5th file,6th file,7th file,8th file,9th file,10th file,11th file,12th file,13th file,15th file,17th file,19th file,21th file
None,11.694510739856803,3.6458333333333335,0.5376344086021505,0.0,0.0,0.0,0.0,0.0,0.0,0.0,0.0,0.0,0.0,0.0,0.0,0.0,0.0
l-pilot.lunarc.lu.se,4.2904399058637654,1.7900567414212376,0.02750464140823764,0.012035142616440005,0.025786044592666448,0.010316013892232042,0.020629899601155275,0.0051582730101961865,0.020629899601155275,0.0051582730101961865,0.015473222728444942,0.0051582730101961865,0.0051582730101961865,0.0051582730101961865,0.0051582730101961865,0.0051582730101961865,0.0051582730101961865
