index,1st file,2nd file,3rd file,4th file,5th file,6th file,7th file,8th file,9th file,10th file,11th file,12th file,13th file,15th file,17th file,19th file,21th file
l-pilot.lunarc.lu.se,0.04482770479400234,0.01822683815943325,0.0002751220854254075,0.00012036591237361579,0.00025792695508631956,0.00010317078203452782,0.00020634156406905565,5.158539101726391e-05,0.00020634156406905565,5.158539101726391e-05,0.00015475617305179173,5.158539101726391e-05,5.158539101726391e-05,5.158539101726391e-05,5.158539101726391e-05,5.158539101726391e-05,5.158539101726391e-05
None,0.13243243243243244,0.03783783783783784,0.005405405405405406,0.0,0.0,0.0,0.0,0.0,0.0,0.0,0.0,0.0,0.0,0.0,0.0,0.0,0.0
