index,1st file,2nd file
l-pilot.lunarc.lu.se,1.431514634839443,1.431514634839443
