,1'st,2'nd,3'rd
none,11.515151515151516,4.242424242424242,0.20202020202020202
l-pilot.lunarc.lu.se,0.004433868846159531,0.013301606538478592,0.0
