index,1st file,2nd file
None,0.0,50.0
l-pilot.lunarc.lu.se,18.31619537275064,14.545047064096817
