index,1st file,2nd file,3rd file
axion.hep.caltech.edu,0.004068293984260371,0.011190570785326447,0.00020085698982324584
ldmx.cnsi.ucsb.edu,0.0074296141814389986,0.0060693075768452655,0.0
None,0.397497593840231,0.2448733413751508,0.014173228346456693
l-pilot.lunarc.lu.se,0.0008145312372729494,0.008887452532923971,0.00032597180343900254
arcce.slac.stanford.edu,0.0038895371450797353,0.012340917855765523,0.0007803355442840422
